chunks,questions,answers
"Кафедра ФН-11 осуществляет подготовку бакалавров и магистров по направлению ""Математика и компьютерные науки (02.03.01; 02.04.01), реализуя образовательные профили подготовки:
- Математическое и компьютерное моделирование,
- Математическое и компьютерное моделирование в экономике,
- Суперкомпьютерное моделирование и искусственный интеллект в инженерных задачах,
- Математическое и компьютерное моделирование в механике композитов.","Какие образовательные профили подготовки реализует кафедра ФН-11 в рамках направления ""Математика и компьютерные науки""?","Кафедра ФН-11 реализует следующие образовательные профили подготовки:
Математическое и компьютерное моделирование,
Математическое и компьютерное моделирование в экономике,
Суперкомпьютерное моделирование и искусственный интеллект в инженерных задачах,
Математическое и компьютерное моделирование в механике композитов."
"В 1878г. заведующим кафедрой общей и прикладной физики стал выпускник Московского университета ученик выдающегося русского физика А.Г.Столетова профессор П.А.Зилов. Профессор П.А.Зилов был первым, кто измерил диэлектрические проницаемости некоторых жидких диэлектриков и доказал правильность соотношения между диэлектрической проницаемостью и показателем преломления (1877г.). В 1879г. П.А.Зилов установил зависимость магнитной проницаемости жидкостей от напряженности магнитного поля.  С декабря 1884г. по август 1886г. кафедрой заведовал профессор Н.П.Слугинов, доктор физики С.-Петербургского университета. В 1881г. получил степень магистра физики за диссертацию “Теория электролиза”, в которой он сделал замечательное техническое открытие - способ покрытия алюминия тонким непрерывным слоем кристаллизированного глинозёма, имеющего твёрдость корунда. В 1884г. Н.П.Слугинов защитил докторскую диссертацию на тему “Электрическое свечение” и в том же году перешёл на кафедру физики ИМТУ.",Какие научные достижения были у профессора П.А. Зилова и Н.П. Слугинова?,Профессор П.А. Зилов:  В 1877 году измерил диэлектрические проницаемости некоторых жидких диэлектриков и доказал правильность соотношения между диэлектрической проницаемостью и показателем преломления. В 1879 году установил зависимость магнитной проницаемости жидкостей от напряжённости магнитного поля. Профессор Н.П. Слугинов:  В 1881 году сделал открытие способа покрытия алюминия тонким слоем кристаллизированного глинозёма с твёрдостью корунда. В 1884 году защитил докторскую диссертацию на тему “Электрическое свечение”.
"Главный учебный корпус (ГУК) МГТУ состоит из двух частей.  Старейшая (также называемая дворцовой) — представляла собой Слободской дворец XVIII—XIX веков. Эта часть обращена фасадом на 2-ю Бауманскую улицу.  Вторая более поздняя (так называемая «циркульная» или «высотная») часть ГУК, имеющая 12 этажей и построенная уже в советские времена, обращена фасадом на набережную Яузы. Её строительство началось с левого крыла, которое носит название «северное». Позже было закончено правое, «южное» крыло. Аудитории, расположенные в этом крыле, нумеруются с суффиксом «ю». ",Из каких частей состоит главный учебный корпус (ГУК) МГТУ и как они расположены?,"Главный учебный корпус МГТУ состоит из двух частей:  Дворцовая часть — старейшая, представляющая собой Слободской дворец XVIII–XIX веков. Её фасад обращён на 2-ю Бауманскую улицу. Циркульная (высотная) часть — построена в советское время, имеет 12 этажей. Её фасад выходит на набережную Яузы. Строительство началось с «северного» крыла, затем завершили «южное» крыло, аудитории которого нумеруются с суффиксом «ю»."
"Сообщение между подразделениями университета осуществляется в основном по 2, 3 и 4 этажам. В южном крыле некоторые проходы перекрыты подразделениями факультета военного обучения. Проходы циркульной части по 1 этажу заняты административными службами и лабораториями. Проходы по 5 этажу имеют выходы в чердачные помещения, где размещаются некоторые технические службы университета и стрелковый тир с линиями на 25 м (для пистолетной стрельбы) и на 50 м (для винтовочной). Также в здании ГУК расположен музей МГТУ.  В ГУК действует общее правило нумерации аудиторий. Номер аудитории ГУК состоит из номера этажа (первая цифра) и порядкового номера аудитории. Порядковые номера аудиториям присваиваются в шахматном порядке. Чётные номера располагаются справа при движении по циркульной части в направлении от центральной лестницы высотного здания ГУК. ",Как устроено сообщение между подразделениями и нумерация аудиторий в ГУК МГТУ?,"Сообщение между подразделениями университета осуществляется преимущественно по 2, 3 и 4 этажам. Однако:  В южном крыле некоторые проходы закрыты подразделениями факультета военного обучения. Проходы по 1 этажу циркульной части заняты административными службами и лабораториями. Проходы по 5 этажу ведут в чердачные помещения, где расположены технические службы и стрелковый тир с линиями на 25 м (пистолетная стрельба) и 50 м (винтовочная стрельба). Нумерация аудиторий:  Номер аудитории состоит из номера этажа (первая цифра) и порядкового номера. Порядковые номера присваиваются в шахматном порядке: Чётные номера находятся справа при движении по циркульной части от центральной лестницы высотного здания. Также в здании ГУК находится музей МГТУ."
"Учебно-лабораторный корпус был открыт 1 марта 2004 года и. о. министра образования РФ Владимиром Филипповым, мэром Москвы Юрием Лужковым, ректором МГТУ Игорем Фёдоровым. Ножницы для перерезания ленточки подал робот.  УЛК строили на протяжении трёх десятилетий. Строительство корпуса было начато в 1972 году, однако в 1984 году работы из-за проблем с финансированием были приостановлены. После вмешательства в 2001 году правительства Москвы строительство нового здания возобновилось.  Владимир Филиппов назвал открытие корпуса «самым масштабным проектом за последние 20 лет»[57], по его мнению, открытие нового корпуса «символизирует возрождение страны, возрождение Москвы». В свою очередь, мэр Москвы, заявил, что новый корпус нам позволил построить «его величество рынок». ","Когда был открыт учебно-лабораторный корпус (УЛК) МГТУ, и как проходило его строительство?","Учебно-лабораторный корпус (УЛК) был открыт 1 марта 2004 года. В церемонии открытия приняли участие и. о. министра образования РФ Владимир Филиппов, мэр Москвы Юрий Лужков и ректор МГТУ Игорь Фёдоров. Символично, что ножницы для перерезания ленточки подал робот.  Строительство корпуса длилось три десятилетия:  Началось в 1972 году. В 1984 году работы были приостановлены из-за проблем с финансированием. В 2001 году правительство Москвы вмешалось, и строительство было возобновлено. Владимир Филиппов назвал открытие корпуса «самым масштабным проектом за последние 20 лет», отметив его значение как символ возрождения страны и Москвы. Юрий Лужков добавил, что строительство стало возможным благодаря «его величеству рынку»."
"- более  7200человекуже прошли обучение в этом образовательном центре;- 600сотрудников VKподелились знаниями как преподаватели VK Образования;- 70%каждого курса — практика,теория занимает всего 30% обучения;- 50 преподавателей - сотрудников компании ведут занятия для студентов центра;- 360 студентов в год мы выпускаем с основных программ обучения;- конкурс 7-9 человек на место на основных программахНаша программа это:- 2, 3 или 4 семестра обучения по следующим направлениям подготовки:- Программа по веб-разработке (4 семестра)- Программа по машинному обучению ( 3 семестра, запускается только весной) ;- Мобильный разработчик на IOS ( 2 семестра);- Мобильный разоаботчик на ANDROID (2 семестра)- 50 преподавателей - сотрудников компании;- 360 студентов в год;- конкурс 7-9 человек на место на основных программах","Сколько длится обучение по программе машинного обучения и какой конкурс на место?

","
Обучение по программе машинного обучения длится 3 семестра, конкурс на основных программах — 7–9 человек на место."
"Образовательный центр VK в МГТУ им. Н. Э. Баумана — это бесплатное дополнительное практико-ориентированное обучение.С 2011 года образовательный центр VK предлагает студентам МГТУ краткосрочные курсы и долгосрочные программы на бесплатной основе. Обучающие материалы разработаны сотрудниками вуза и ведущими экспертами-практиками индустрии и призваны на практике познакомить студентов ведущего технического вуза с миром IT. Мы помогаем осваивать современные профессии и приобретать полезные для будущей работы навыки, даем советы по интеграции в профессиональное комьюнити, а лучшим выпускникам даем шанс присоединиться к команде VK.Набор ведется по трём основным направлениям обучения: - программа по веб-разработчике, - программа по ML-разработке ; - мобильная разработка на IOS ;  - мобильная разработка на Android. Компания предлагает так же для студентов МГТУ  всероссийские, московские и межвузовские семестровые курсы различных форматов.","Какие образовательные программы предлагает VK для студентов МГТУ им. Баумана?

","
Образовательный центр VK в МГТУ им. Н. Э. Баумана предлагает студентам краткосрочные и долгосрочные программы, а также семестровые курсы различных форматов по следующим направлениям:
* веб-разработка;
* ML-разработка;
* мобильная разработка на IOS;
* мобильная разработка на Android."
"Высококлассных Web-, ML- и мобильных разработчиков с опытом командной и индивидуальной работы с высоконагруженными системами в реальных проектах. Выпускники Центра успешно работают в компании VK после окончания обучения. Многие из них занимают высокие позиции в компании.","Каковы шансы трудоустройства выпускников Центра в компанию VK после окончания обучения на должность высококлассного Web-, ML- или мобильного разработчика с опытом работы с высоконагруженными системами?

","

Высокие. Многие выпускники Центра занимают высокие позиции в компании VK."
"Возможность пройти стажировку в VK или принять участие в создании IT-проектов под руководством кураторов- экспертов из VK. Во время обучения проводится множество мероприятий для студентов проекта — внутренние мероприятия ОЦ, мастер-классы, хакатоны, воркшопы. Также мы устраиваем экскурсии для студентов Университета в офис VK, поддерживаем и участвуем во многих мероприятиях Профкома и Студсовета МГТУ.","Какие возможности предоставляет проект для студентов?

","
Участие в стажировке в VK или создание IT-проектов под руководством кураторов-экспертов из VK. Кроме того, проводятся внутренние мероприятия ОЦ, мастер-классы, хакатоны, воркшопы. Также организуются экскурсии для студентов Университета в офис VK, оказывается поддержка и участие во многих мероприятиях Профкома и Студсовета МГТУ."
"На все треки основной программы обучения могут подать заявку студенты дневной формы обучения 2-6 курсов бакалавриата и специалитета, магистранты и аспиранты всех факультетов и филиалов  МГТУ им. Н.Э. Баумана.","Могут ли подать заявку на треки основной программы обучения студенты очно-заочной формы?

","
Нет, только студенты дневной формы обучения 2–6 курсов бакалавриата и специалитета, магистранты и аспиранты всех факультетов и филиалов МГТУ им. Н.Э. Баумана."
"Если выбираешь основную программу, ты получаешь:- полноценную востребованную профессию;- гибкое обучение с возможностью выбора трека и его продолжительности;- оптимальный баланс теоретических и практических знаний, делающий тебя - конкурентоспособным на рынке молодых специалистов;- возможность присоединиться к сообществу и найти для себя наиболее интересное направление профессионального развития;- навык работы над собственным проектом с оперативной обратной связью и помощью от лучших экспертов отрасли.Если выбираешь семестровый курс, ты получаешь:- возможность получить углубленные знания по одному из современных направлений разработки;- актуальные и практические умение и навыки по выбранному направлению подготовки;- опыт работы в команде и полезные знакомства;- более высокую вероятность поступления на треки основной программы.","В чём разница между основной программой и семестровым курсом?
","
Если выбираешь основную программу, ты получаешь полноценную востребованную профессию, гибкое обучение с возможностью выбора трека и его продолжительности, оптимальный баланс теоретических и практических знаний, делающий тебя конкурентоспособным на рынке молодых специалистов, возможность присоединиться к сообществу и найти для себя наиболее интересное направление профессионального развития, а также навык работы над собственным проектом с оперативной обратной связью и помощью от лучших экспертов отрасли.

Если выбираешь семестровый курс, ты получишь возможность получить углублённые знания по одному из современных направлений разработки, актуальные и практические умения и навыки по выбранному направлению подготовки, опыт работы в команде и полезные знакомства, а также более высокую вероятность поступления на треки основной программы."
"Да. Мы отчисляем за неуспеваемость. По статистике, примерно 50% студентов первого семестра ОЦ переводятся на следующий. Учитывая, что у студентов МГТУ высокая нагрузка по программам обучения в Университете, мы не зачисляем в проект первокурсников..","Почему вы не зачисляете в проект первокурсников? 

","
Мы не зачисляем в проект первокурсников, потому что у студентов МГТУ высокая нагрузка по программам обучения в Университете, а также потому, что примерно 50% студентов первого семестра ОЦ отчисляют за неуспеваемость."
"Преподаватели в Образовательном центре VK в МГТУ - действующие сотрудники VK и компаний-партнёров. Многие из них , закончив проект, вернулись в него преподавателями и одновременно работают в компании. В ходе обучения преподаватели могут приглашать студентов на стажировку в свои бизнес-юниты.","Могут ли преподаватели из Образовательного центра VK в МГТУ приглашать студентов на стажировку в свои компании?

"," Да, могут."
Занятия проходят в гибридном формате: онлайн на платформе VK и в аудиториях ГЗ МГТУ им. Н. Э. Баумана либо в Доме Образовательного центра VK в МГТУ (аудитория 395 ГЗ). Возможно проведение хакатонов и воркшопов в офисе компании VK.,"Где проходят занятия в рамках гибридного формата?
","
В рамках гибридного формата занятия проходят на платформе VK и в аудиториях ГЗ МГТУ им. Н. Э. Баумана либо в Доме Образовательного центра VK в МГТУ (аудитория 395 ГЗ). Возможно проведение хакатонов и воркшопов в офисе компании VK."
"Это три мультимедийных зала для занятий, рабочие офисы сотрудников Образовательного центра VK в МГТУ, два подиума со столами для работы команд студентов и холл с кофемашиной и диванчиками для комфортной работы. Дом ОЦ расположен в 395 аудитории ГЗ (3 этаж, центральная часть). В 2022 году в Центре проведён ремонт силами компании VK.","Где находятся мультимедийные залы и рабочие офисы сотрудников Образовательного центра VK в МГТУ?

","

Мультимедийные залы и рабочие офисы Образовательного центра VK расположены в доме ОЦ в аудитории 395 на третьем этаже центральной части здания."
"Занятия по всем трекам основной программы проводятся с 18:00 до 21:00 2-3 раза в неделю в аудиториях ГЗ МГТУ или в режиме онлайн.Иногда пары проходят по субботам: с 09:00 до 12:00 и с 13:00 до 16:00.Расписание занятий выкладывается на портале за 7-10 дней до начала семестра, чтобы студенты могли оценить свою загрузку по основной учёбе и в ОЦ.","В какие дни и в какое время проводятся занятия по основной программе?

","
Занятия по всем трекам основной программы проводятся с 18:00 до 21:00 2–3 раза в неделю в аудиториях ГЗ МГТУ или в режиме онлайн. Иногда пары проходят по субботам: с 09:00 до 12:00 и с 13:00 до 16:00."
"Да. На некоторых курсах предъявляются особые требования к характеристикам ноутбука. Например, чтобы заняться разработкой на IOS, нужен макбук.",Какие требования предъявляются к ноутбуку для разработки на IOS? , Для разработки на IOS требуется макбук.
"Студенты, обучающиеся на наших образовательных программах, получают доступ к джуниор-вакансиям VK и приоритет среди других кандидатов.Старт карьеры VK — это возможность профессионального роста, поддержка наставников и выбор проекта.","Какие преимущества получают студенты, обучающиеся на ваших образовательных программах?

","
Доступ к джуниор-вакансиям VK и приоритет среди других кандидатов. Также они могут воспользоваться стартом карьеры в VK, который предполагает профессиональный рост, поддержку наставников и выбор проекта."
"После поступления на курс ты получишь доступ к закрытым вакансиям, сможешь подать заявку и пройти собеседование.","Какие возможности открываются для меня после поступления на курс?

","

После поступления на курс ты получишь доступ к закрытым вакансиям, сможешь подать заявку и пройти собеседование."
"Быть студентом 2-6 курсов бакалавриата , специалитета или  магистратуры МГТУ им. Н. Э. Баумана. Есть несколько дополнительных условий:- как показывает практика, студенты второго высшего образования не тянут дополнительную нагрузку в виде обучения в проекте, так как время занятий совпадает с вузовским;- студентам последнего года обучения предъявляют повышенные требования к уровню навыков и знаний на отборе.Посещение занятий студентами, не прошедшими отбор, невозможно. Есть исключения для сотрудников VK, которые проходят некоторые курсы в рамках программы повышения квалификации от компании.Если студент заканчивает вуз на 1-2 семестра раньше окончания основной программы ОЦ, то ему оформляют пропуск для посещения занятий ( это правило относится только к основной программе проекта).","Каковы условия участия в проекте для студентов МГТУ им. Н. Э. Баумана?

","
Условием участия в проекте является обучение на 2–6 курсе бакалавриата, специалитета или магистратуры МГТУ им. Н. Э. Баумана. Студенты второго высшего образования не могут участвовать из-за совпадения времени занятий с вузовскими. Студентам последнего года обучения предъявляют повышенные требования к уровню навыков и знаний на отборе. Посещение занятий студентами, не прошедшими отбор, невозможно. Для сотрудников VK сделано исключение: они могут пройти некоторые курсы в рамках программы повышения квалификации от компании. Если студент заканчивает вуз на 1–2 семестра раньше окончания основной программы ОЦ, ему оформляют пропуск для посещения занятий (это правило относится только к основной программе проекта)."
"Учёба в вузе всегда приоритетнее, а Центр работает в  формате дополнительного образования. Если студент не выполняет необходимые требования для перехода на следующий семестр - сдать на положительную оценку все курсы семестра, то он отчисляется. При этом можно снова поступать в ОЦ на общих основаниях вне зависимости от семестра, на котором произошло отчисление из проекта.","Каковы последствия невыполнения студентом необходимых требований для перехода на следующий семестр в вашем центре?

","
Студент отчисляется из центра, но при этом может снова поступить на общих основаниях вне зависимости от семестра, на котором произошло отчисление."
"Интересоваться программированием, самостоятельно готовиться и учиться решать задачи. Если студент имеет хорошую успеваемость в вузе, то уровня его знаний должно хватить для успешного прохождения отбора.","Какие навыки и знания необходимы студенту для успешного прохождения отбора в РАГ, если он интересуется программированием и самостоятельно учится решать задачи?

","

Студенту необходимо иметь хорошую успеваемость в вузе, а также обладать навыками самостоятельного решения задач и интересом к программированию. Этого должно быть достаточно для успешного прохождения отбора."
"Да, ведутся записи лекций онлайн, которые доступны только для студентов проекта на портале и в чатах соответствующих курсов. Видео курсов, которые читались в разное время в ОЦ и других образовательных проектах компании, размещены на каналеVK Teamв общем доступе.","Вопрос: есть ли возможность посмотреть записи лекций для тех, кто не участвует в проекте?
"," видеозаписи курсов, которые читались в разное время в ОЦ и других образовательных проектах компании, размещены на канале VK Team в общем доступе. Записи лекций онлайн доступны только для студентов проекта на портале и в чатах соответствующих курсов."
"Балльно-рейтинговая система. Рейтинг — это сумма баллов при сдаче контрольных точек, набранная студентом в течение семестра. Для успешного перевода на следующий семестр необходимо набрать пороговый рейтинг — минимальное количество баллов, установленное преподавателями по каждой дисциплине. Разбалловка по курсу доносится на первом занятии. Кроме того, преподаватель объясняет вес каждого рубежного контроля, задачи или проекта в общем балле, который может набрать студент. С 2021 года действует гибкая система обучения, позволяющая раньше заканчивать проект. Диплом выдаётся только после окончания четырёх семестров по  программе веб-разработки, трёх — для  программы по машинному обучению и двух семестров по мобильной разработке на IOS или Android.",Как работает балльно-рейтинговая система и что нужно сделать для успешного перевода на следующий семестр? ," Для успешного перевода на следующий семестр необходимо набрать пороговый рейтинг — минимальное количество баллов, установленное преподавателями по каждой дисциплине. С 2021 года действует гибкая система обучения, которая позволяет раньше заканчивать проект."
"Нет, но студенты обязаны сдать контрольные точки и набрать определённое количество баллов для перехода на следующий семестр. Если студент не сдал хотя бы один из курсов, он отчисляется из проекта.","Какие последствия ждут студента, который не сдал хотя бы один из курсов?
","
Если студент не сдал хотя бы один из курсов, он отчисляется из проекта."
"Обучение в Центре построено на гибридном формате. Полностью удалённое обучение невозможно, так как содержание дисциплин изменяется каждый семестр и просмотра видеозаписей недостаточно для полноценного освоения курса. Также преподаватель не сможет объективно оценить студента без личного общения.Студент может посещать только те курсы, которые входят в программу его обучения в конкретном семестре. Студенты, не прошедшие отбор, не допускаются к обучению в Центре.","Каковы особенности обучения в Центре?
","
Обучение в Центре построено на гибридном формате. Полностью удалённое обучение невозможно, так как содержание дисциплин изменяется каждый семестр и просмотра видеозаписей недостаточно для полноценного освоения курса. Также преподаватель не сможет объективно оценить студента без личного общения. Студенты могут посещать только те курсы, которые входят в программу их обучения в конкретном семестре. Студенты, не прошедшие отбор, не допускаются к обучению в Центре."
"Студенты могут задавать вопросы преподавателям по нескольким каналам:- на очных занятиях в ходе лекций и семинаров ;- в блоге дисциплин на портале ОЦ (комментарии к посту о занятии, например);- в личных сообщениях на портале;- в чате дисциплины в VK;- письмом на личную почту преподавателя.","Где лучше задавать вопросы преподавателю, если я пропустила занятие?  

","  
В блоге дисциплин на портале ОЦ можно оставить комментарий к посту о занятии, в личных сообщениях на портале, в чате дисциплины в VK или написать письмо на личную почту преподавателя."
"В последнем семестре разрабатывают итоговый командный проект, где необходимо продемонстрировать знания и навыки, полученные за время обучения. Это возможность пополнить портфолио сложной и интересной работой. Проект увидит и оценит экспертное жюри из числа топ-менеджеров VK.","Какие перспективы открываются перед студентами, которые успешно выполнят итоговый командный проект в последнем семестре?

","
Успешное выполнение итогового командного проекта в последнем семестре позволит студентам пополнить портфолио сложной и интересной работой. Проект увидит и оценит экспертное жюри из числа топ-менеджеров VK."
"Примерно 18 академических часов в неделю, из которых 12 — аудиторные (3-4 занятия). Достаточно много времени занимает работа над проектами в команде.","Сколько часов в неделю занимает аудиторная работа и как много времени уходит на командные проекты?

","

Аудиторная работа занимает 12 часов в неделю (3–4 занятия), а работа над проектами в команде занимает достаточно много времени."
Набор на основную программу обучения проходит два раза в год: в сентябре и феврале - он связан с началом семестров в вузе.,"Когда проходит набор на основную программу обучения?  

","  

Набор на основную программу обучения проходит два раза в год: в сентябре и феврале."
"В первом семестре для решения практических заданий активно используется C++ и Python, а также парадигма объектно-ориентированного программирования.","Какие языки программирования и парадигмы используются в первом семестре для решения практических заданий?

","
C++ и Python, а также парадигма объектно-ориентированного программирования."
"Отбор проходит в два этапа: онлайн-тестирование и очное собеседование с преподавателями, включающее мотивационную часть и решение задач.","Какие этапы отбора необходимо пройти, чтобы поступить в РАГ?

","

Отбор проходит в два этапа: онлайн-тестирование и очное собеседование с преподавателями, включающее мотивационную часть и решение задач."
"Если студент успешно проходит первый отборочный этап ( тестирование online), его приглашают на второй - очное собеседование с преподавателями проекта.На почту приходит письмо-приглашение с открытыми слотами для собеседования и кейсом, который является частью очного собеседования и к которому нужно подготовиться заранее.Место проведения: МГТУ им. Н. Э. Баумана , длительность собеседования -  35-40 минут.Собеседование состоит из трёх частей:- задания на чтение кода,- задания на написание кода,- решение кейса. Последний получают на почту после успешного прохождения тестирования для предварительной подготовки. На собеседовании студентам потребуется прокомментировать ход решения кейса и ответить на вопросы эксперта. Задание кейса будет направлено на почту после успешного прохождения тестирования.В течение трёх рабочих дней после собеседованияна почту придёт письмо с приглашением на организационное собрание для зачисленных и с отказом для тех, кто не прошёл отбор.","Какие этапы отбора необходимо пройти, чтобы попасть в проект?

","

Чтобы попасть в проект, нужно успешно пройти два этапа отбора: первый — тестирование online, второй — очное собеседование с преподавателями проекта."
"Для регитстрации на отбор необходимо:1. Подробно заполнить анкету абитуриента, указывая актуальные телефон и почту.В анкете  необходимо указывать курс  и группу вуза, на который вы перешли (для старта набора в августе) или на котором учитесь (для старта набора в январе!2. Выбрать программу или курс в личном кабинете.3.Получать уведомления о начале отбора, его этапах, результатах на указанную при регистрации почту. 4.Следить за информацией о ходе отборана порталеив группе в VK.","Как зарегистрироваться на отбор?
","
Для регистрации на отбор необходимо подробно заполнить анкету абитуриента, указав актуальные телефон и почту. В анкете следует указать курс и группу вуза, на который вы перешли (для старта набора в августе) или на котором учитесь (для старта набора в январе). Затем нужно выбрать программу или курс в личном кабинете. После этого вы будете получать уведомления о начале отбора, его этапах и результатах на указанную при регистрации почту. Также необходимо следить за информацией о ходе отбора на портале и в группе в VK."
"Убедиться в том, что ты проверяешь почтовый адрес, который был указан при регистрации на проект. Проверить папку «Спам» — письмо могло попасть в неё.Если на почте ссылки нет, то её можно найти в своём личном кабинете. Для этого переходи на портал проекта и ищи кнопку «К испытанию». Она будет в блоке с программой, на которую подана заявка.Если возникнут технические вопросы, пиши в поддержку: info@park.vk.company","Как проверить, что я зарегистрирован на проект, и где найти ссылку для участия в испытании?  
","  
Чтобы убедиться в том, что вы зарегистрированы на проект, проверьте почтовый адрес, который был указан при регистрации. Также стоит проверить папку «Спам»: письмо могло попасть туда. Если ссылки нет в почте, её можно найти в личном кабинете на портале проекта. Для этого перейдите на портал и ищите кнопку «К испытанию» в блоке с программой, на которую подана заявка. При возникновении технических вопросов обращайтесь в поддержку по адресу info@park.vk.company."
"Мы проводим организационное собрание для тех, кто поступил на один из треков основной программы, на котором рассказываем студентам о проекте, отвечаем на вопросы и выдаём подарочный мерч.Для 1 семестра осеннего набора обучение начинается ориентировочно с 1 октября, для весеннего набора - с 1 марта. Весь сентябрь и февраль проходят промо наборов и отборочные испытания.","Когда начинается обучение для тех, кто поступил на основную программу?

","
Обучение начинается ориентировочно с 1 октября для осеннего набора и с 1 марта — для весеннего. Весь сентябрь и февраль проходят промо наборов и отборочные испытания."
"Диплом об окончании курса, который даёт 15 дополнительных баллов при поступлении в магистратуру МГТУ.","Вопрос: что даёт диплом об окончании курса, который я получу, если успешно завершу обучение?  
", диплом об окончании курса даёт 15 дополнительных баллов при поступлении в магистратуру МГТУ.
"Отбор проходит в виде тестирования и мотивационного письма, которое имеет большой вес при принятии решения о зачислении. Набор осуществляется два раза в год: обычно в сентябре и  феврале. Но время набора может меняться, следить за анонсами запуска курсов можно вгруппе VK.",Как проходит отбор на курсы и когда обычно начинается набор?,"Отбор на курсы проходит в виде тестирования и мотивационного письма. Набор осуществляется два раза в год: обычно в сентябре и феврале. Но время набора может меняться, поэтому рекомендуется следить за анонсами запуска курсов в группе VK."
Обычно от четырёх академических часов в неделю без учёта времени на домашние задания. Но нагрузка на каждой программе может быть разной. .,"Сколько в среднем академических часов в неделю отводится на обучение по программам, если не учитывать время на выполнение домашних заданий?","В среднем на обучение по программам отводится **от четырёх академических часов в неделю** (без учёта времени на выполнение домашних заданий).

Однако нагрузка может отличаться в зависимости от программы."
"Да, на семестровые курсы существует отбор в виде тестирования, так как конкурс достаточно большой. По окончании обучения экзаменов нет, но есть баллы за контрольные мероприятия, по сумме которых выставляются итоговые оценки. По итогам обучения выдается сертификат об окончании курса, который дает 5 дополнительных баллов при поступлении в магистратуру МГТУ.","Какие условия поступления на семестровые курсы и как происходит оценка знаний студентов?
","
Чтобы поступить на семестровые курсы, необходимо пройти отбор в виде тестирования. По окончании обучения экзаменов нет, но есть баллы за контрольные мероприятия, по сумме которых выставляются итоговые оценки. По итогам обучения выдаётся сертификат об окончании курса, который даёт 5 дополнительных баллов при поступлении в магистратуру МГТУ."
"Баллы и оценки заносятся в сертификат об окончании курса, который даёт пять дополнительных баллов при поступлении в магистратуру МГТУ.","Сколько дополнительных баллов даёт сертификат об окончании курса при поступлении в магистратуру МГТУ?

","

Пять."
"На некоторых курсах могут обучаться не только студенты МГТУ, но и студенты других российских или московских вузов. Поэтому для подачи заявки, прохождения отбора и обучения необходимо зарегистрироваться напортале VK Образованияи насайте ОЦ.","Как зарегистрироваться на курсы РАГ, если я учусь в другом вузе?
","
Чтобы зарегистрироваться на курсы РАГ, необходимо пройти регистрацию на портале VK Образования и на сайте ОЦ."
"Стипендию могут получить студенты,обучающиеся в 2023/2024 учебном году на 2-4 семестре основной программы от VK(Системный архитектор, Web-разработчик, ML-разработчик, Мобильный разработчик на iOS или Android), имеющие только оценки «хорошо» и «отлично» по результатам предшествующего семестра.","Какие требования предъявляются к студентам, чтобы получить стипендию от VK в 2023/2024 учебном году?

","
Требования к получению стипендии от VK: обучение на 2–4 семестре основной программы в 2023/2024 учебном году по направлениям «Системный архитектор», «Web-разработчик», «ML-разработчик» или «Мобильный разработчик на iOS или Android»; наличие только оценок «хорошо» и «отлично» по результатам предшествующего семестра."
Размер стипендии составляет 15 000 рублей в месяцСтипендия от VK начисляется ежемесячно в течении 4 месяцев (сентябрь - декабрь 2023 для осеннего семестра; февраль 2024 - май 2024 для весеннего семестра),"Сколько месяцев будет выплачиваться стипендия от VK и какой размер этой стипендии?
","
Стипендия от VK начисляется ежемесячно в течение 4 месяцев: с сентября по декабрь 2023 года для осеннего семестра и с февраля по май 2024 года для весеннего семестра. Размер стипендии составляет 15 000 рублей в месяц."
"Стипендия пересматривается каждый семестр.Студент может получать стипендию два и более семестров подряд до завершения обучения на программе, при выполнении условия об обучении на ""хорошо"" и ""отлично"" в прошлом учебном семестре.","Как часто пересматривается стипендия?
","
Стипендия пересматривается каждый семестр."
"Получение стипендии от компании VK не зависит от того, обучается студент в вузе на бюджетной или платной форме обучения.Стипендия суммируется с академической стипендией, начисляемой вузом.","От чего не зависит получение стипендии от компании VK?

"," Получение стипендии от компании VK не зависит от того, обучается студент в вузе на бюджетной или платной форме обучения."
"При соответствии критериям получения стипендии, студент программы от VK будет автоматически внесен в список стипендиатов.Если для оформления стипендии что-то потребуется - к студенту обратится напрямую представитель вуза или VK.","Какие действия будут предприняты после того, как студент программы от VK выполнит все требования для получения стипендии?
","
После выполнения всех требований для получения стипендии, студент программы от VK будет автоматически внесён в список стипендиатов. Если для оформления стипендии что-то потребуется — к студенту обратится напрямую представитель вуза или VK."
"Университет Факультет ИУ Третий этаж ГЗ Деканат ИУ Телефон: +7-499-263-62-16 Телефон: +7-499-263-65-11 Декан: Пролетарский Андрей Викторович. Часы приёма: День Время ПН нет приёма ВТ 11:00 - 12:30 СР нет приёма ЧТ 16:00 - 17:30 ПТ нет приёма СБ нет приёма ВС нет приёма Профком ИУ Девятый этаж ГЗ Кафедра ИУ5 Можно подняться по лестнице, но лучше на лифте. Заведующий кафедрой Чёрненький Валерий Михайлович. Кабинет: 902. Часы приёма: День Время ПН нет приёма ВТ 16:00 - 18:00 СР нет приёма ЧТ нет","Где находится деканат ИУ и как связаться с деканом?

","
Деканат ИУ находится на третьем этаже главного здания. Телефон: +7-499-263-62-16. Декан — Пролетарский Андрей Викторович. Часы приёма: день, вторник 11:00–12:30, четверг 16:00–17:30."
"16:00 - 17:30 ПТ нет приёма СБ нет приёма ВС нет приёма Профком ИУ Девятый этаж ГЗ Кафедра ИУ5 Можно подняться по лестнице, но лучше на лифте. Заведующий кафедрой Чёрненький Валерий Михайлович. Кабинет: 902. Часы приёма: День Время ПН нет приёма ВТ 16:00 - 18:00 СР нет приёма ЧТ нет приёма ПТ 16:00 - 18:00 СБ нет приёма ВС нет приёма Библиотека ГЗ УЛК Студсовет Поликлиника Расписание приёма врачей. Бухгалтерия Находится в корпусе поликлиники, на 4 этаже. Отдел по студенческим стипендиям Кабинет","Где и в какие дни можно получить консультацию заведующего кафедрой ИУ5?

","

Получить консультацию заведующего кафедрой ИУ5, Чёрненького Валерия Михайловича, можно в рабочее время по вторникам с 16:00 до 18:00 и по пятницам с 16:00 до 18:00 в кабинете 902 на девятом этаже ГЗ."
"Кабинет: 902. Часы приёма: День Время ПН нет приёма ВТ 16:00 - 18:00 СР нет приёма ЧТ нет приёма ПТ 16:00 - 18:00 СБ нет приёма ВС нет приёма Библиотека ГЗ УЛК Студсовет Поликлиника Расписание приёма врачей. Бухгалтерия Находится в корпусе поликлиники, на 4 этаже. Отдел по студенческим стипендиям Кабинет 425. График работы: День Время работы Обед ПН 08:00 - 17:30 12:30 - 13:30 ВТ СР ЧТ ПТ 08:00 - 16:00 СБ выходной ВС Столовые ГЗ Первый этаж студенческая столовая: по будням: 10:00 до 18:00; в","В какие дни и в какое время можно получить студенческую стипендию?

","
Получить студенческую стипендию можно в будние дни с 08:00 до 17:30, кроме перерыва на обед с 12:30 до 13:30. Кабинет 425."
"врачей. Бухгалтерия Находится в корпусе поликлиники, на 4 этаже. Отдел по студенческим стипендиям Кабинет 425. График работы: День Время работы Обед ПН 08:00 - 17:30 12:30 - 13:30 ВТ СР ЧТ ПТ 08:00 - 16:00 СБ выходной ВС Столовые ГЗ Первый этаж студенческая столовая: по будням: 10:00 до 18:00; в субботу: с 09:00 до 17:00. преподавательская столовая: с 09:00 до 17:00. Третий этаж Буфет ""Юг"": с 10:00 до 17:30. УЛК Спортивный комплекс День Время работы Перерыв ПН 10:00 - 19:00 14:45 - 15:30 ВТ СР","Где находится бухгалтерия и какой у неё график работы?
","
Бухгалтерия находится в корпусе поликлиники, на 4 этаже. График работы: с понедельника по пятницу с 08:00 до 17:30, обед с 12:30 до 13:30. В субботу — выходной."
"СБ выходной ВС Столовые ГЗ Первый этаж студенческая столовая: по будням: 10:00 до 18:00; в субботу: с 09:00 до 17:00. преподавательская столовая: с 09:00 до 17:00. Третий этаж Буфет ""Юг"": с 10:00 до 17:30. УЛК Спортивный комплекс День Время работы Перерыв ПН 10:00 - 19:00 14:45 - 15:30 ВТ СР ЧТ ПТ СБ ВС 10:00 - 16:00 - Горячая еда с 10:00 до 14:30 и с 15:30 до 18:30. УСО Управление студенческими общежитиями. Находится в корпусе общежития №11, на первом этаже. График работы (данные от","Какой график работы у столовой на первом этаже главного здания и у буфета «Юг» в будние дни?

","
Столовая на первом этаже главного здания работает с 10:00 до 18:00. Буфет «Юг» открыт с 10:00 до 17:30."
"Спортивный комплекс День Время работы Перерыв ПН 10:00 - 19:00 14:45 - 15:30 ВТ СР ЧТ ПТ СБ ВС 10:00 - 16:00 - Горячая еда с 10:00 до 14:30 и с 15:30 до 18:30. УСО Управление студенческими общежитиями. Находится в корпусе общежития №11, на первом этаже. График работы (данные от 18.07.2012): День Время работы Обед ПН 09:00 - 18:00 12:30 - 13:15 ВТ СР ЧТ ПТ 09:00 - 16:45 СБ выходной - ВС выходной Бюро пропусков График работы (данные от 18.07.2012): День Время работы Перерыв №1 Перерыв №2 ПН 09:00","Какой график работы спортивного комплекса?
","
Спортивный комплекс работает с понедельника по субботу с 10:00 до 19:00, в воскресенье — с 10:00 до 16:00. Перерыв: с 14:45 до 15:30 ежедневно. Горячая еда доступна с 10:00 до 14:30 и с 15:30 до 18:30."
"корпусе общежития №11, на первом этаже. График работы (данные от 18.07.2012): День Время работы Обед ПН 09:00 - 18:00 12:30 - 13:15 ВТ СР ЧТ ПТ 09:00 - 16:45 СБ выходной - ВС выходной Бюро пропусков График работы (данные от 18.07.2012): День Время работы Перерыв №1 Перерыв №2 ПН 09:00 - 19:45 12:30 - 13:15 17:30 - 18:00 ВТ СР ЧТ ПТ СБ ВС УВЦ Учебный военный центр. Контакты. Управление кадров Отдел кадров студентов ГЗ, 2 этаж, северное крыло, кабинет 274. График работы: День Время работы Обед ПН","Какой график работы у бюро пропусков в общежитии №11?

","
График работы бюро пропусков (данные от 18.07.2012): с 09:00 до 19:45, перерывы: в 12:30–13:15 и в 17:30–18:00, кроме выходных и субботы."
"(данные от 18.07.2012): День Время работы Перерыв №1 Перерыв №2 ПН 09:00 - 19:45 12:30 - 13:15 17:30 - 18:00 ВТ СР ЧТ ПТ СБ ВС УВЦ Учебный военный центр. Контакты. Управление кадров Отдел кадров студентов ГЗ, 2 этаж, северное крыло, кабинет 274. График работы: День Время работы Обед ПН 14:00 - 17:00 - ВТ СР ЧТ ПТ 14:00 - 16:45 СБ выходной ВС Вы только посмотрите на этот божественный график работы. C двух до пяти, всего три часа в день! А в пятницу ещё и на 15 минут меньше! Оч быстро устают.","Какой график работы у отдела кадров студентов в УВЦ?

","
График работы отдела кадров студентов ГЗ УВЦ: с понедельника по пятницу с 14:00 до 16:45, перерыв на обед с 14:00 до 17:00. В субботу — выходной."
"График работы: День Время работы Обед ПН 14:00 - 17:00 - ВТ СР ЧТ ПТ 14:00 - 16:45 СБ выходной ВС Вы только посмотрите на этот божественный график работы. C двух до пяти, всего три часа в день! А в пятницу ещё и на 15 минут меньше! Оч быстро устают. Причём, это именно отдельно для студентов кабинет, для сотрудников другой, так что это не от перегруженности. Отдел делопроизводства ГЗ, 2 этаж, северное крыло, кабинет 276а. График работы: День Время работы Обед ПН 14:00 - 17:00 - ВТ СР ЧТ ПТ 14:00","Сколько часов в день работает этот отдел?
","
Всего три часа в день, с 14:00 до 16:45 в будние дни, кроме пятницы, и в этот день на 15 минут меньше."
"ещё и на 15 минут меньше! Оч быстро устают. Причём, это именно отдельно для студентов кабинет, для сотрудников другой, так что это не от перегруженности. Отдел делопроизводства ГЗ, 2 этаж, северное крыло, кабинет 276а. График работы: День Время работы Обед ПН 14:00 - 17:00 - ВТ СР ЧТ ПТ 14:00 - 16:45 СБ выходной ВС Различные отделы, службы Отдел социальной стипендии ГЗ, 4 этаж, кабинет 435. График работы: День Время работы Обед ПН 13:00 - 16:00 - ВТ СР ЧТ ПТ СБ выходной ВС Третий отдел ГЗ, 2","Где и в какое время можно получить социальную стипендию?

","
Получить социальную стипендию можно на 4 этаже Главного здания (ГЗ) в кабинете 435 с 13:00 до 16:00 по понедельникам."
"работы Обед ПН 14:00 - 17:00 - ВТ СР ЧТ ПТ 14:00 - 16:45 СБ выходной ВС Различные отделы, службы Отдел социальной стипендии ГЗ, 4 этаж, кабинет 435. График работы: День Время работы Обед ПН 13:00 - 16:00 - ВТ СР ЧТ ПТ СБ выходной ВС Третий отдел ГЗ, 2 этаж, кабинет 235. С 11 мая 2010 года студенты всех факультетов визируют анкету для оформления загранпаспорта в комнате 396б (центральная лестница, 3 этаж). График работы: День Время работы Обед ПН 13:30 - 17:00 - ВТ СР ЧТ ПТ СБ выходной ВС","Где и когда студенты могут визировать анкету для оформления загранпаспорта?

","
Студенты могут визировать анкету для оформления загранпаспорта в комнате 396б (центральная лестница, 3 этаж) с 11 мая 2010 года. График работы: ПН 13:30 - 17:00, ВТ–ПТ."
"ЧТ ПТ СБ выходной ВС Третий отдел ГЗ, 2 этаж, кабинет 235. С 11 мая 2010 года студенты всех факультетов визируют анкету для оформления загранпаспорта в комнате 396б (центральная лестница, 3 этаж). График работы: День Время работы Обед ПН 13:30 - 17:00 - ВТ СР ЧТ ПТ СБ выходной ВС Интернеты Выдача логинов и паролей на университетский WiFi и на интернет во 2 общежитии осуществляется на первом этаже ГЗ, в том же помещении, что и типография. Сотрудникам (не студентам) интернеты выдаются на 2 этаже","Где и когда студентам нужно визировать анкету для оформления загранпаспорта?

","
Студентам нужно визировать анкету для оформления загранпаспорта в комнате 396б (центральная лестница, 3 этаж) с 11 мая 2010 года. График работы: понедельник — выходной, вторник–пятница — с 13:30 до 17:00, суббота и воскресенье — выходной."
"День Время работы Обед ПН 13:30 - 17:00 - ВТ СР ЧТ ПТ СБ выходной ВС Интернеты Выдача логинов и паролей на университетский WiFi и на интернет во 2 общежитии осуществляется на первом этаже ГЗ, в том же помещении, что и типография. Сотрудникам (не студентам) интернеты выдаются на 2 этаже ГЗ, в помещении 299ав (напротив лифта) на основании служебной записки (образец и чистые бланки - на месте). Студентам первого курса необходимо иметь при себе только студенческий билет или зачётную книжку.","Где и на каких условиях можно получить логин и пароль для доступа в интернет в общежитии?
","
Вы можете получить логин и пароль на первом этаже главного здания (ГЗ), в том же помещении, где находится типография. Студентам первого курса необходимо иметь при себе студенческий билет или зачётную книжку. Сотрудникам университета выдача логинов и паролей осуществляется на втором этаже ГЗ, в помещении 299ав (напротив лифта) на основании служебной записки (образец и чистые бланки — на месте)."
"осуществляется на первом этаже ГЗ, в том же помещении, что и типография. Сотрудникам (не студентам) интернеты выдаются на 2 этаже ГЗ, в помещении 299ав (напротив лифта) на основании служебной записки (образец и чистые бланки - на месте). Студентам первого курса необходимо иметь при себе только студенческий билет или зачётную книжку. Студентам остальных курсов интернеты выдаются только при закрытой летней сессии, при себе иметь зачётку. График работы: День Время работы Обед ПН 10:00 - 16:00 13:00","Где и на каких условиях можно получить интернет-карту для сотрудников и студентов?

","
Для сотрудников интернеты выдаются на втором этаже ГЗ, в помещении 299ав (напротив лифта) на основании служебной записки. Студентам первого курса необходимо иметь при себе только студенческий билет или зачётную книжку. Студентам остальных курсов интернеты выдаются только при закрытой летней сессии, при себе иметь зачётку. Интернет-карты выдают на первом этаже ГЗ, в том же помещении, что и типографию."
"лифта) на основании служебной записки (образец и чистые бланки - на месте). Студентам первого курса необходимо иметь при себе только студенческий билет или зачётную книжку. Студентам остальных курсов интернеты выдаются только при закрытой летней сессии, при себе иметь зачётку. График работы: День Время работы Обед ПН 10:00 - 16:00 13:00 - 14:00 ВТ СР ЧТ ПТ СБ выходной ВС Печать Где в университете можно распечатать документы, чертежи. Типография Находится на первом этаже ГЗ, там же, где выдают","Где и в какое время можно распечатать документы и чертежи в университете?
","
В типографии на первом этаже главного здания. График работы: с 10:00 до 16:00, обед с 13:00 до 14:00."
"курсов интернеты выдаются только при закрытой летней сессии, при себе иметь зачётку. График работы: День Время работы Обед ПН 10:00 - 16:00 13:00 - 14:00 ВТ СР ЧТ ПТ СБ выходной ВС Печать Где в университете можно распечатать документы, чертежи. Типография Находится на первом этаже ГЗ, там же, где выдают интернеты. Самые низкие цены в университете. График работы: День Время работы Обед ПН 10:00 - 17:00 - ВТ СР ЧТ ПТ СБ выходной ВС ЧЕРТЁЖ.ру ГЗ, 4 этаж, северное крыло. Контакты: сайт:","Где в университете можно распечатать документы и получить интернет, и какие условия для этого нужно выполнить?
","
Чтобы получить доступ к интернету и распечатать документы или чертежи в нашем университете, необходимо закрыть летнюю сессию. При себе нужно иметь зачётную книжку. Интернет выдают в месте, где можно распечатать документы — типография находится на первом этаже главного здания (ГЗ), там же, где выдают интернеты. Работает типография с понедельника по пятницу с 10:00 до 17:00, без обеда. «Чертёж.ру» располагается в ГЗ на 4-м этаже в северном крыле."
"Печать Где в университете можно распечатать документы, чертежи. Типография Находится на первом этаже ГЗ, там же, где выдают интернеты. Самые низкие цены в университете. График работы: День Время работы Обед ПН 10:00 - 17:00 - ВТ СР ЧТ ПТ СБ выходной ВС ЧЕРТЁЖ.ру ГЗ, 4 этаж, северное крыло. Контакты: сайт: http://www.chertez.ru/ телефон: +7-495-542-73-89 График работы: День Время работы Обед ПН 09:00 - 18:00 - ВТ СР ЧТ ПТ СБ выходной ВС Общежития Общежитие №2 Адрес: Москва, Госпитальная","Где в университете можно распечатать чертежи?
","
В университете есть несколько мест, где можно распечатать документы и чертежи. Типография находится на первом этаже главного здания (ГЗ), там же, где выдают интернеты. Ещё один вариант — воспользоваться услугами компании «ЧЕРТЁЖ.ру», она расположена в ГЗ на 4 этаже в северном крыле."
"Время работы Обед ПН 10:00 - 17:00 - ВТ СР ЧТ ПТ СБ выходной ВС ЧЕРТЁЖ.ру ГЗ, 4 этаж, северное крыло. Контакты: сайт: http://www.chertez.ru/ телефон: +7-495-542-73-89 График работы: День Время работы Обед ПН 09:00 - 18:00 - ВТ СР ЧТ ПТ СБ выходной ВС Общежития Общежитие №2 Адрес: Москва, Госпитальная набережная, 4, строение 1а Телефон: Комендант: Журкова Наталья Николаевна Завхоз: Синичкина Светлана Ивановна Полная информация доступна на странице Общежитие №2. Общежитие №5 Адрес: 105043, Москва,","Какой график работы у офиса «ЧЕРТЁЖ.ру»?

","
График работы офиса: с понедельника по пятницу с 09:00 до 18:00, без обеда. В субботу и воскресенье — выходной. Офис находится в северном крыле на 4 этаже здания ГЗ. Обеденный перерыв проходит с 10:00 до 17:00 только в понедельник."
"+7-495-542-73-89 График работы: День Время работы Обед ПН 09:00 - 18:00 - ВТ СР ЧТ ПТ СБ выходной ВС Общежития Общежитие №2 Адрес: Москва, Госпитальная набережная, 4, строение 1а Телефон: Комендант: Журкова Наталья Николаевна Завхоз: Синичкина Светлана Ивановна Полная информация доступна на странице Общежитие №2. Общежитие №5 Адрес: 105043, Москва, Измайловский проспект, 73/2 Телефон: +7-499-367-78-18 Комендант: Новожилова Валентина Михайловна Полная информация доступна на странице Общежитие №5.","Каковы контактные данные комендантов общежитий, которые находятся по адресам: Госпитальная набережная, 4, строение 1а и Измайловский проспект, 73/2?

","
Комендант общежития №2 — Журкова Наталья Николаевна, телефон для связи не указан. Комендант общежития №5 — Новожилова Валентина Михайловна, контактный телефон: +7-499-367-78-18."
"СБ выходной ВС Общежития Общежитие №2 Адрес: Москва, Госпитальная набережная, 4, строение 1а Телефон: Комендант: Журкова Наталья Николаевна Завхоз: Синичкина Светлана Ивановна Полная информация доступна на странице Общежитие №2. Общежитие №5 Адрес: 105043, Москва, Измайловский проспект, 73/2 Телефон: +7-499-367-78-18 Комендант: Новожилова Валентина Михайловна Полная информация доступна на странице Общежитие №5. Общежитие №10 Адрес: 107005, Москва, Госпитальный переулок, 4/6 Телефон: Комендант:","Какие контактные данные у общежития №2?
","
Адрес: Москва, Госпитальная набережная, 4, строение 1а. Телефон: нет данных. Комендант: Журкова Наталья Николаевна."
"4, строение 1а Телефон: Комендант: Журкова Наталья Николаевна Завхоз: Синичкина Светлана Ивановна Полная информация доступна на странице Общежитие №2. Общежитие №5 Адрес: 105043, Москва, Измайловский проспект, 73/2 Телефон: +7-499-367-78-18 Комендант: Новожилова Валентина Михайловна Полная информация доступна на странице Общежитие №5. Общежитие №10 Адрес: 107005, Москва, Госпитальный переулок, 4/6 Телефон: Комендант: Полная информация доступна на странице Общежитие №10. Почтовые отделения","Где можно узнать контактные данные коменданта общежития №10?

","
Полная информация о коменданте доступна на странице Общежитие №10."
"Синичкина Светлана Ивановна Полная информация доступна на странице Общежитие №2. Общежитие №5 Адрес: 105043, Москва, Измайловский проспект, 73/2 Телефон: +7-499-367-78-18 Комендант: Новожилова Валентина Михайловна Полная информация доступна на странице Общежитие №5. Общежитие №10 Адрес: 107005, Москва, Госпитальный переулок, 4/6 Телефон: Комендант: Полная информация доступна на странице Общежитие №10. Почтовые отделения Измайловское Адрес отделения: 105043, Москва, ул. 6-я Парковая, 13 График","Где находится общежитие № 2 и как связаться с комендантом общежития № 5?

","
Общежитие № 2: нет данных.
Общежитие № 5: Москва, Измайловский проспект, 73/2. Телефон: +7-499-367-78-18. Комендант: Новожилова Валентина Михайловна."
"Общежитие №5 Адрес: 105043, Москва, Измайловский проспект, 73/2 Телефон: +7-499-367-78-18 Комендант: Новожилова Валентина Михайловна Полная информация доступна на странице Общежитие №5. Общежитие №10 Адрес: 107005, Москва, Госпитальный переулок, 4/6 Телефон: Комендант: Полная информация доступна на странице Общежитие №10. Почтовые отделения Измайловское Адрес отделения: 105043, Москва, ул. 6-я Парковая, 13 График работы (данные от 22.03.12): День Время работы Обед ПН 08:00 - 20:00 13:00 - 14:00","Где находится общежитие №5 и как связаться с комендантом?

","
Общежитие №5 расположено по адресу: Москва, Измайловский проспект, 73/2. Связаться с комендантом Новожиловой Валентиной Михайловной можно по телефону +7-499-367-78-18."
"информация доступна на странице Общежитие №5. Общежитие №10 Адрес: 107005, Москва, Госпитальный переулок, 4/6 Телефон: Комендант: Полная информация доступна на странице Общежитие №10. Почтовые отделения Измайловское Адрес отделения: 105043, Москва, ул. 6-я Парковая, 13 График работы (данные от 22.03.12): День Время работы Обед ПН 08:00 - 20:00 13:00 - 14:00 ВТ СР ЧТ ПТ СБ 09:00 - 18:00 ВС выходной Банковские отделения Сбербанк Университетский График работы: День Время работы Обед ПН 09:00 -","Где находится общежитие № 10?
","
Москва, Госпитальный переулок, 4/6."
"Почтовые отделения Измайловское Адрес отделения: 105043, Москва, ул. 6-я Парковая, 13 График работы (данные от 22.03.12): День Время работы Обед ПН 08:00 - 20:00 13:00 - 14:00 ВТ СР ЧТ ПТ СБ 09:00 - 18:00 ВС выходной Банковские отделения Сбербанк Университетский График работы: День Время работы Обед ПН 09:00 - 16:30 - ВТ СР 10:00 - 16:30 ЧТ 09:00 - 16:30 ПТ СБ выходной ВС Измайлово Военкоматы Измайловский Адрес: Москва, ул. Парковая 5-я, 30а (на карте) График работы: День Время работы Обед ПН","Какой график работы у почтового отделения в Измайлово?

","
График работы: с понедельника — 08:00–20:00, перерыв на обед — с 13:00 до 14:00; со вторника по субботу — 09:00–18:00. Воскресенье — выходной."
"- 18:00 ВС выходной Банковские отделения Сбербанк Университетский График работы: День Время работы Обед ПН 09:00 - 16:30 - ВТ СР 10:00 - 16:30 ЧТ 09:00 - 16:30 ПТ СБ выходной ВС Измайлово Военкоматы Измайловский Адрес: Москва, ул. Парковая 5-я, 30а (на карте) График работы: День Время работы Обед ПН 10:00 - 17:00 13:00 - 14:00 ВТ нет приёма - СР 10:00 - 17:00 13:00 - 14:00 ЧТ нет приёма - ПТ СБ ВС Для прохода в военкомат при себе нужно иметь паспорт или удостоверение гражданина, подлежащего","Какой график работы у военкомата в Измайлово и какие документы нужны для прохода туда?
","
Военкомат в Измайлово работает с понедельника по среду и в пятницу с 10:00 до 17:00, перерыв с 13:00 до 14:00. Для прохода в военкомат при себе нужно иметь паспорт или удостоверение гражданина, подлежащего призыву на военную службу."
"ул. Парковая 5-я, 30а (на карте) График работы: День Время работы Обед ПН 10:00 - 17:00 13:00 - 14:00 ВТ нет приёма - СР 10:00 - 17:00 13:00 - 14:00 ЧТ нет приёма - ПТ СБ ВС Для прохода в военкомат при себе нужно иметь паспорт или удостоверение гражданина, подлежащего призыву. А лучше и то, и то.","Какой график работы у военкомата на 5-й Парковой, 30а?
","
Военкомат на ул. 5-я Парковая, д. 30а работает с понедельника по среду с 10:00 до 17:00. Обеденный перерыв — с 13:00 до 14:00. Во вторник приёма нет."
